{"network":{"id":1,"name":"terminus-workshop-building-on-lightning-101","status":3,"path":"/Users/hu5ky5n0w/.polar/networks/1","nodes":{"bitcoin":[{"id":0,"networkId":1,"name":"backend1","type":"bitcoin","implementation":"bitcoind","version":"23.0","peers":[],"status":3,"ports":{"rpc":18443,"p2p":19444,"zmqBlock":28334,"zmqTx":29335},"docker":{"image":"","command":""}}],"lightning":[{"id":0,"networkId":1,"name":"alice","type":"lightning","implementation":"LND","version":"0.15.2-beta","status":3,"backendName":"backend1","paths":{"tlsCert":"/Users/hu5ky5n0w/.polar/networks/1/volumes/lnd/alice/tls.cert","adminMacaroon":"/Users/hu5ky5n0w/.polar/networks/1/volumes/lnd/alice/data/chain/bitcoin/regtest/admin.macaroon","invoiceMacaroon":"/Users/hu5ky5n0w/.polar/networks/1/volumes/lnd/alice/data/chain/bitcoin/regtest/invoice.macaroon","readonlyMacaroon":"/Users/hu5ky5n0w/.polar/networks/1/volumes/lnd/alice/data/chain/bitcoin/regtest/readonly.macaroon"},"ports":{"rest":8081,"grpc":10001,"p2p":9735},"docker":{"image":"","command":""}},{"id":1,"networkId":1,"name":"bob","type":"lightning","implementation":"LND","version":"0.15.2-beta","status":3,"backendName":"backend1","paths":{"tlsCert":"/Users/hu5ky5n0w/.polar/networks/1/volumes/lnd/bob/tls.cert","adminMacaroon":"/Users/hu5ky5n0w/.polar/networks/1/volumes/lnd/bob/data/chain/bitcoin/regtest/admin.macaroon","invoiceMacaroon":"/Users/hu5ky5n0w/.polar/networks/1/volumes/lnd/bob/data/chain/bitcoin/regtest/invoice.macaroon","readonlyMacaroon":"/Users/hu5ky5n0w/.polar/networks/1/volumes/lnd/bob/data/chain/bitcoin/regtest/readonly.macaroon"},"ports":{"rest":8082,"grpc":10002,"p2p":9736},"docker":{"image":"","command":""}},{"id":2,"networkId":1,"name":"carol","type":"lightning","implementation":"LND","version":"0.15.2-beta","status":3,"backendName":"backend1","paths":{"tlsCert":"/Users/hu5ky5n0w/.polar/networks/1/volumes/lnd/carol/tls.cert","adminMacaroon":"/Users/hu5ky5n0w/.polar/networks/1/volumes/lnd/carol/data/chain/bitcoin/regtest/admin.macaroon","invoiceMacaroon":"/Users/hu5ky5n0w/.polar/networks/1/volumes/lnd/carol/data/chain/bitcoin/regtest/invoice.macaroon","readonlyMacaroon":"/Users/hu5ky5n0w/.polar/networks/1/volumes/lnd/carol/data/chain/bitcoin/regtest/readonly.macaroon"},"ports":{"rest":8083,"grpc":10003,"p2p":9737},"docker":{"image":"","command":""}}]}},"chart":{"offset":{"x":0,"y":0},"nodes":{"backend1":{"id":"backend1","type":"bitcoin","position":{"x":200,"y":400},"ports":{"backend":{"id":"backend","type":"top","position":{"x":100,"y":0}},"peer-left":{"id":"peer-left","type":"left","position":{"x":0,"y":21}},"peer-right":{"id":"peer-right","type":"right","position":{"x":200,"y":21}}},"size":{"width":200,"height":42},"properties":{"status":3,"icon":"./static/media/bitcoin.c9f33461.svg"}},"alice":{"id":"alice","type":"lightning","position":{"x":50,"y":100},"ports":{"empty-left":{"id":"empty-left","type":"left","position":{"x":0,"y":21}},"empty-right":{"id":"empty-right","type":"right","position":{"x":200,"y":21}},"backend":{"id":"backend","type":"bottom","position":{"x":100,"y":42}}},"size":{"width":200,"height":42},"properties":{"status":3,"icon":"./static/media/lnd.095d2fef.png"}},"bob":{"id":"bob","type":"lightning","position":{"x":300,"y":200},"ports":{"empty-left":{"id":"empty-left","type":"left","position":{"x":0,"y":21}},"empty-right":{"id":"empty-right","type":"right","position":{"x":200,"y":21}},"backend":{"id":"backend","type":"bottom","position":{"x":100,"y":42}}},"size":{"width":200,"height":42},"properties":{"status":3,"icon":"./static/media/lnd.095d2fef.png"}},"carol":{"id":"carol","type":"lightning","position":{"x":550,"y":100},"ports":{"empty-left":{"id":"empty-left","type":"left","position":{"x":0,"y":21}},"empty-right":{"id":"empty-right","type":"right","position":{"x":200,"y":21}},"backend":{"id":"backend","type":"bottom","position":{"x":100,"y":42}}},"size":{"width":200,"height":42},"properties":{"status":3,"icon":"./static/media/lnd.095d2fef.png"}}},"links":{"alice-backend1":{"id":"alice-backend1","from":{"nodeId":"alice","portId":"backend"},"to":{"nodeId":"backend1","portId":"backend"},"properties":{"type":"backend"}},"bob-backend1":{"id":"bob-backend1","from":{"nodeId":"bob","portId":"backend"},"to":{"nodeId":"backend1","portId":"backend"},"properties":{"type":"backend"}},"carol-backend1":{"id":"carol-backend1","from":{"nodeId":"carol","portId":"backend"},"to":{"nodeId":"backend1","portId":"backend"},"properties":{"type":"backend"}}},"selected":{},"hovered":{},"scale":1}}